<addon id="plugin.video.shoganai"
       name="Shonagai Launcher"
       version="1.0.0"
       provider-name="Gulbenkian">
    <requires>
        <import addon="xbmc.python" version="3.0.0"/>
        <import addon="script.module.six" />
    </requires>
    <extension point="xbmc.python.pluginsource" library="addon.py">
        <provides>video</provides>
    </extension>
    <extension point="xbmc.addon.metadata">
        <summary>Lanzador de Horus</summary>
        <description>Este add-on muestra un listado de opciones y redirige al add-on de Horus con parámetros específicos.</description>
        <language>es</language>
        <assets>
            <icon>icon.png</icon>
            <fanart>fanart.jpg</fanart>
        </assets>
    </extension>
</addon>
